<?xml version="1.0" encoding="UTF-8"?>
<AppLockerPolicy Version="1">
  <RuleCollection Type="Appx" EnforcementMode="AuditOnly" />
  <RuleCollection Type="Dll" EnforcementMode="NotConfigured" />
  <RuleCollection Type="Exe" EnforcementMode="AuditOnly">
    <FilePathRule Id="4d4aa58f-f44a-4289-b3e1-4f5d209ac735" Name="Custom: OPS Build service allows Exe (Disc D)" Description="" UserOrGroupSid="S-1-1-0" Action="Allow">
      <Conditions>
        <FilePathCondition Path="D:\*" />
      </Conditions>
    </FilePathRule>
  
    <FilePathRule Id="baed41f0-e604-4cb0-8889-8ce7cbdfbf71" Name="Custom: OPS Build service allows Exe (Disc C)" Description="" UserOrGroupSid="S-1-1-0" Action="Allow">
      <Conditions>
        <FilePathCondition Path="C:\*" />
      </Conditions>
    </FilePathRule>
  </RuleCollection>
  <RuleCollection Type="Msi" EnforcementMode="AuditOnly">
    <FilePathRule Id="16da60be-eafe-4229-b9f8-8522999b7a0f" Name="Custom: OPS Build service allows Installer (Disc C)" Description="" UserOrGroupSid="S-1-1-0" Action="Allow">
      <Conditions>
        <FilePathCondition Path="C:\*" />
      </Conditions>
    </FilePathRule>
    <FilePathRule Id="031eb584-738c-41f4-b2a2-bc68171720f7" Name="Custom: OPS Build service allows Installer (Disc D)" Description="" UserOrGroupSid="S-1-1-0" Action="Allow">
      <Conditions>
        <FilePathCondition Path="D:\*" />
      </Conditions>
    </FilePathRule>
  </RuleCollection>
  <RuleCollection Type="Script" EnforcementMode="AuditOnly">
    <FilePathRule Id="08c4b8f8-d89e-4f9d-8524-8f026793e7f0" Name="Custom: OPS Build service allows Script (Disc C)" Description="" UserOrGroupSid="S-1-1-0" Action="Allow">
      <Conditions>
        <FilePathCondition Path="C:\*" />
      </Conditions>
    </FilePathRule>
    <FilePathRule Id="a8be85a8-e119-4be6-ad24-4a22b40120b3" Name="Custom: OPS Build service allows Script (Disc D)" Description="" UserOrGroupSid="S-1-1-0" Action="Allow">
      <Conditions>
        <FilePathCondition Path="D:\*" />
      </Conditions>
    </FilePathRule>
  </RuleCollection>
</AppLockerPolicy>